Domain,Status,Folder,Registrar,Expires,Asking price,Minimum offer,Floor price,Asking currency,Purchase date,Purchase amount,Purchase currency,Purchase years,Sale date,Sale amount,Sale currency,Notes
swiftharbor-example.com,Owned,,Porkbun,2027-01-15,1000,300,,USD,2015-01-10,150,USD,,,,,Clean row
swiftfinch-example.net,Owned,Brandables,Namecheap,2027-02-15,,,,,2016-02-10,11.08,USD,1,,,,
swiftforge-example.io,Owned,For sale,GoDaddy,2027-03-15,,,,,2017-03-10,160,USD,,,,,
swiftsummit-example.co,Owned,Parked,Dynadot,2027-04-15,1225,330,,USD,2018-04-10,11.08,USD,1,,,,
swiftmeadow-example.ai,Owned,,Porkbun,2027-05-15,,,,,2019-05-10,170,USD,,,,,
swiftbeacon-example.com,Owned,,Namecheap,2027-06-15,,,,,2020-06-10,11.08,USD,1,,,,
swiftfalcon-example.net,Owned,Brandables,GoDaddy,2027-07-15,1450,360,,USD,2021-07-10,180,USD,,,,,
swiftgrove-example.io,Owned,For sale,Dynadot,2027-08-15,,,,,2022-08-10,11.08,USD,1,,,,Clean row
swiftlantern-example.co,Owned,Parked,Porkbun,2027-09-15,,,,,2023-09-10,190,USD,,,,,
swiftorbit-example.ai,Owned,,Namecheap,2027-10-15,1675,390,,USD,2015-01-10,11.08,USD,1,,,,
swiftraven-example.com,Owned,,GoDaddy,2027-11-15,,,,,2016-02-10,200,USD,,,,,
swiftwillow-example.net,Owned,Brandables,Dynadot,2027-12-15,,,,,2017-03-10,11.08,USD,1,,,,
swiftcedar-example.io,Owned,For sale,Porkbun,2027-01-15,1900,420,,USD,2018-04-10,210,USD,,,,,
swiftember-example.co,Owned,Parked,Namecheap,2027-02-15,,,,,2019-05-10,11.08,USD,1,,,,
swiftquarry-example.ai,Owned,,GoDaddy,2027-03-15,,,,,2020-06-10,220,USD,,,,,Clean row
quietharbor-example.com,Owned,,Dynadot,2027-04-15,2125,450,,USD,2021-07-10,11.08,USD,1,,,,
quietfinch-example.net,Owned,Brandables,Porkbun,2027-05-15,,,,,2022-08-10,230,USD,,,,,
quietforge-example.io,Owned,For sale,Namecheap,2027-06-15,,,,,2023-09-10,11.08,USD,1,,,,
quietsummit-example.co,Owned,Parked,GoDaddy,2027-07-15,2350,480,,USD,2015-01-10,240,USD,,,,,
quietmeadow-example.ai,Owned,,Dynadot,2027-08-15,,,,,2016-02-10,11.08,USD,1,,,,
quietbeacon-example.com,Owned,,Porkbun,2027-09-15,,,,,2017-03-10,250,USD,,,,,
quietfalcon-example.net,Owned,Brandables,Namecheap,2027-10-15,2575,510,,USD,2018-04-10,11.08,USD,1,,,,Clean row
quietgrove-example.io,Owned,For sale,GoDaddy,2027-11-15,,,,,2019-05-10,260,USD,,,,,
quietlantern-example.co,Owned,Parked,Dynadot,2027-12-15,,,,,2020-06-10,11.08,USD,1,,,,
quietorbit-example.ai,Owned,,Porkbun,2027-01-15,2800,540,,USD,2021-07-10,270,USD,,,,,
quietraven-example.com,Owned,,Namecheap,2027-02-15,,,,,2022-08-10,11.08,USD,1,,,,
quietwillow-example.net,Owned,Brandables,GoDaddy,2027-03-15,,,,,2023-09-10,280,USD,,,,,
quietcedar-example.io,Owned,For sale,Dynadot,2027-04-15,3025,570,,USD,2015-01-10,11.08,USD,1,,,,
quietember-example.co,Owned,Parked,Porkbun,2027-05-15,,,,,2016-02-10,290,USD,,,,,Clean row
quietquarry-example.ai,Owned,,Namecheap,2027-06-15,,,,,2017-03-10,11.08,USD,1,,,,
boldharbor-example.com,Owned,,GoDaddy,2027-07-15,3250,600,,USD,2018-04-10,300,USD,,,,,
boldfinch-example.net,Owned,Brandables,Dynadot,2027-08-15,,,,,2019-05-10,11.08,USD,1,,,,
boldforge-example.io,Owned,For sale,Porkbun,2027-09-15,,,,,2020-06-10,310,USD,,,,,
boldsummit-example.co,Owned,Parked,Namecheap,2027-10-15,3475,630,,USD,2021-07-10,11.08,USD,1,,,,
boldmeadow-example.ai,Owned,,GoDaddy,2027-11-15,,,,,2022-08-10,320,USD,,,,,
boldbeacon-example.com,Owned,,Dynadot,2027-12-15,,,,,2023-09-10,11.08,USD,1,,,,Clean row
boldfalcon-example.net,Owned,Brandables,Porkbun,2027-01-15,3700,660,,USD,2015-01-10,330,USD,,,,,
boldgrove-example.io,Owned,For sale,Namecheap,2027-02-15,,,,,2016-02-10,11.08,USD,1,,,,
boldlantern-example.co,Owned,Parked,GoDaddy,2027-03-15,,,,,2017-03-10,340,USD,,,,,
boldorbit-example.ai,Owned,,Dynadot,2027-04-15,3925,690,,USD,2018-04-10,11.08,USD,1,,,,
boldraven-example.com,Owned,,Porkbun,2027-05-15,,,,,2019-05-10,350,USD,,,,,
boldwillow-example.net,Owned,Brandables,Namecheap,2027-06-15,,,,,2020-06-10,11.08,USD,1,,,,
boldcedar-example.io,Owned,For sale,GoDaddy,2027-07-15,4150,720,,USD,2021-07-10,360,USD,,,,,Clean row
boldember-example.co,Owned,Parked,Dynadot,2027-08-15,,,,,2022-08-10,11.08,USD,1,,,,
boldquarry-example.ai,Owned,,Porkbun,2027-09-15,,,,,2023-09-10,370,USD,,,,,
goldenharbor-example.com,Owned,,Namecheap,2027-10-15,4375,750,,USD,2015-01-10,11.08,USD,1,,,,
goldenfinch-example.net,Owned,Brandables,GoDaddy,2027-11-15,,,,,2016-02-10,380,USD,,,,,
goldenforge-example.io,Owned,For sale,Dynadot,2027-12-15,,,,,2017-03-10,11.08,USD,1,,,,
goldensummit-example.co,Owned,Parked,Porkbun,2027-01-15,4600,780,,USD,2018-04-10,390,USD,,,,,
goldenmeadow-example.ai,Owned,,Namecheap,2027-02-15,,,,,2019-05-10,11.08,USD,1,,,,Clean row
goldenbeacon-example.com,Owned,,GoDaddy,2027-03-15,,,,,2020-06-10,400,USD,,,,,
goldenfalcon-example.net,Owned,Brandables,Dynadot,2027-04-15,4825,810,,USD,2021-07-10,11.08,USD,1,,,,
goldengrove-example.io,Owned,For sale,Porkbun,2027-05-15,,,,,2022-08-10,410,USD,,,,,
goldenlantern-example.co,Owned,Parked,Namecheap,2027-06-15,,,,,2023-09-10,11.08,USD,1,,,,
goldenorbit-example.ai,Owned,,GoDaddy,2027-07-15,5050,840,,USD,2015-01-10,420,USD,,,,,
goldenraven-example.com,Owned,,Dynadot,2027-08-15,,,,,2016-02-10,11.08,USD,1,,,,
goldenwillow-example.net,Owned,Brandables,Porkbun,2027-09-15,,,,,2017-03-10,430,USD,,,,,Clean row
goldencedar-example.io,Owned,For sale,Namecheap,2027-10-15,5275,870,,USD,2018-04-10,11.08,USD,1,,,,
goldenember-example.co,Owned,Parked,GoDaddy,2027-11-15,,,,,2019-05-10,440,USD,,,,,
goldenquarry-example.ai,Owned,,Dynadot,2027-12-15,,,,,2020-06-10,11.08,USD,1,,,,
luckyharbor-example.com,Owned,,Porkbun,2027-01-15,5500,900,,USD,2021-07-10,450,USD,,,,,
luckyfinch-example.net,Owned,Brandables,Namecheap,2027-02-15,,,,,2022-08-10,11.08,USD,1,,,,
luckyforge-example.io,Owned,For sale,GoDaddy,2027-03-15,,,,,2023-09-10,460,USD,,,,,
luckysummit-example.co,Owned,Parked,Dynadot,2027-04-15,5725,930,,USD,2015-01-10,11.08,USD,1,,,,Clean row
luckymeadow-example.ai,Owned,,Porkbun,2027-05-15,,,,,2016-02-10,470,USD,,,,,
luckybeacon-example.com,Owned,,Namecheap,2027-06-15,,,,,2017-03-10,11.08,USD,1,,,,
luckyfalcon-example.net,Owned,Brandables,GoDaddy,2027-07-15,5950,960,,USD,2018-04-10,480,USD,,,,,
warn-future-purchase.com,Owned,,,,,,,,2031-01-01,50,USD,,,,,Warning: purchase date in the future
warn-future-sale.net,Sold,,,,,,,,2020-01-01,40,USD,,2031-06-01,900,USD,Warning: sale date in the future
warn-sale-before-purchase.io,Sold,,,,,,,,2022-06-01,40,USD,,2021-01-01,900,USD,Warning: sale before purchase
abbey.com,Owned,,Namecheap,2028-01-01,,,,,,,,,,,,"Warning (demo): an account reports it, so registrar details come from there"
acorn.com,Removed,,,,,,,,,,,,,,,"Warning (demo): an account still reports it, so not Removed"
cadet.com,,,,,5000,,,USD,,,,,,,,"Warning (demo): in Archive as Sold, stays there (no Status)"
indigo.io,,Brandables,,,,,,,,,,,,,,"Warning (demo): in Archive as Dropped, stays there (no Status)"
cadet.com,Dropped,,,,,,,,,,,,,,,"Warning: same name twice, merged (the rows disagree)"
err-min-offer-high.com,Owned,,,,500,900,,USD,,,,,,,,Skipped: minimum offer above BIN price
err-floor-high.com,Owned,,,,500,,700,USD,,,,,,,,Skipped: floor above BIN price
err-negative.com,Owned,,,,,,,,,-5,USD,,,,,Skipped: negative amount
err-not-amount.net,Owned,,,,,,,,,about fifty,USD,,,,,Skipped: not an amount
err-currency-mismatch.io,Owned,,,,,,,,,€10,USD,,,,,"Skipped: amount says EUR, column says USD"
err-two-currencies.co,Owned,,,,$500,£200,,,,,,,,,,Skipped: amounts name two currencies
err-unknown-currency.com,Owned,,,,,,,,,10,XYZ,,,,,Skipped: unknown currency
err-yen-or-yuan.com,Owned,,,,,,,,,¥5000,,,,,,Skipped: ¥ could be yen or yuan
err-too-many-decimals.com,Owned,,,,,,,,,10.5555,USD,,,,,Skipped: more decimals than the currency allows
err-bad-date.net,Owned,,,,,,,,next tuesday,,,,,,,Skipped: not a date
err-bad-years.io,Owned,,,,,,,,2020-01-01,,,25,,,,Skipped: not a number of years
err-bad-status.com,Maybe,,,,,,,,,,,,,,,Skipped: unknown status
err-bad-expiry.com,Owned,,,31/31/2027,,,,,,,,,,,,Skipped: not a real calendar day
www.err-subdomain.com,Owned,,,,,,,,,,,,,,,"Skipped: a subdomain, not a registrable name"
err-paren-negative.com,Owned,,,,(250),,,USD,,,,,,,,Skipped: accounting-style negative
err-zero-years.net,Owned,,,,,,,,2020-01-01,,,0,,,,Skipped: zero years
err-bad-sale-date.io,Sold,,,,,,,,,,,,sometime in 2022,,,Skipped: sale date not a date
err-sale-currency.co,Sold,,,,,,,,,,,,2023-01-01,£900,EUR,"Skipped: sale amount says GBP, column says EUR"
err-currency-word.com,Owned,,,,,,,,,25,doubloons,,,,,Skipped: unknown currency
err-lost-status.net,Lost,,,,,,,,,,,,,,,Skipped: unknown status
warn-future-both.ai,Sold,,,,,,,,2030-01-01,10,USD,,2032-01-01,500,USD,Warnings: purchase and sale in the future
zero-clears-price.com,Owned,,,,0,,,USD,,,,,,,,Not an issue: a 0 clears the asking price (shows Clear)
,,,,,,,,,,,,,,,,Left out: blank domain
not a domain at all,,,,,,,,,,,,,,,,Left out: no domain in the row
